{
    "values": [
        {
            "recordId": "0",
            "data": {
                "field_1_vector": [
                    0.018990106880664825,
                    -0.0073809814639389515,
                    0.021276434883475304
                ],
                "field_2_vector": [
                    0.018990106880664825,
                    -0.0073809814639389515,
                    0.021276434883475304
                ]
            },
            "errors": null,
            "warnings": null
        },
        {
            "recordId": "1",
            "data": {
                "field_1_vector": [
                    0.018990106880664825,
                    -0.0073809814639389515,
                    0.021276434883475304
                ],
                "field_2_vector": [
                    0.018990106880664825,
                    -0.0073809814639389515,
                    0.021276434883475304
                ]
            },
            "errors": null,
            "warnings": null
        }
    ]
}